{"n_features":234,"_step":6,"fold_4_auc":0.785662839195165,"n_train":307511,"fold_1_auc":0.7759344239846245,"fold_5_auc":0.7740783393085308,"_runtime":340,"fold_std":0.004696875321178463,"feature_importance":{"log_mode":"IMMUTABLE","sha256":"9280c5e00d174ed85360bfef885ef1bdd68e2abd997bb9ce86ab5bad73c62e80","ncols":2,"nrows":20,"_type":"table-file","size":909,"artifact_path":"wandb-client-artifact://q52w3a226nb82x86h1fbmlu6pk4a1pfhhgo1ypln5p6f3m1jo0y139ufnfpw64fhzjscu59hx5ez5aidin3iwxikjs3mxvvucbscl5amw5sab6jnh1njmqdzb1qyswkv/feature_importance.table.json","_latest_artifact_path":"wandb-client-artifact://0qa79omgcechd1vsci896g88gfa40010jtogetx60ek4susdjv3aqe995rhq8ol14qba5im486ruer71vxou9p08yyebvgx3y8lwysph1yelxvlnmy0safqn6dtjvl31:latest/feature_importance.table.json","path":"media/table/feature_importance_6_9280c5e00d174ed85360.table.json"},"oof_auc":0.7799152308164182,"fold_3_auc":0.7789614162608197,"fold":5,"fold_2_auc":0.7850577118521481,"_wandb":{"runtime":340},"_timestamp":1.77494047535925e+09}