{"_wandb":{"runtime":653},"final_oof_auc":0.7873122800363673,"lgbm_weight":0.49,"xgb_weight":0.51,"_timestamp":1.7749511069771621e+09,"_step":0,"_runtime":653}