{"_runtime":75,"_timestamp":1.774951598997314e+09,"_step":4,"scenario":"Full Economic Shock","drifted_auc":0.6421690495309824,"_wandb":{"runtime":75}}